{
  "categories_list": {
    "featured": [
      "/celulares?CELULARES"
    ],
    "random": 0,
    "full_width": false
  },
  "menu_all_departments": false,
  "centralized_logo": false,
  "marketing_stripe": {
    "text": "APROVEITE NOSSO PARCELAMENTO EM ATÉ 4 VEZES SEM CARTÃO E SEM JUROS!",
    "link": "",
    "background": "#ffffff",
    "color": "#ea6617"
  },
  "alphabetical_order_submenu": false,
  "popup": "/img/uploads/353_banner638900114891238621.webp",
  "name_all_departments": "",
  "search_input": false,
  "desktop_megamenu": false,
  "full_width_submenu": false,
  "contacts_stripe": {
    "pages": [
      {
        "title": "XIAOMI CONCEPT",
        "link": ""
      }
    ],
    "phone_wpp": true,
    "socials": false
  }
}