{
  "meta_title": "",
  "meta_description": "",
  "sections": [
    {
      "type": "banner-slider",
      "autoplay": 9000,
      "full_width": true,
      "slides": [
        {
          "img": "/img/uploads/264_banner638572418194433613.webp",
          "link": "",
          "alt": "",
          "start": "",
          "end": "",
          "mobile_img": "/img/uploads/264_banner638572418194433613.webp"
        },
        {
          "start": "",
          "end": "",
          "img": "/img/uploads/307_banner638639742366652260.webp",
          "alt": "",
          "mobile_img": "/img/uploads/307_banner638639742366652260.webp"
        },
        {
          "start": "",
          "end": "",
          "img": "/img/uploads/332_banner638735697242221175.webp",
          "mobile_img": "/img/uploads/332_banner638735697242221175.webp"
        },
        {
          "start": "",
          "end": "",
          "img": "/img/uploads/351_banner638889437923744143.webp",
          "mobile_img": "/img/uploads/351_banner638889437923744143.webp"
        },
        {
          "start": "",
          "end": "",
          "img": "/img/uploads/353_banner638900114891238621.webp",
          "mobile_img": "/img/uploads/353_banner638900114891238621.webp"
        },
        {
          "start": "",
          "end": "",
          "img": "/img/uploads/355_banner638906819735721509.webp",
          "mobile_img": "/img/uploads/355_banner638906819735721509.webp"
        }
      ]
    },
    {
      "type": "info-bar",
      "enabled": true
    },
    {
      "type": "collection-shelf",
      "shuffle": true,
      "collection_id": null,
      "sort": "offers",
      "title": "",
      "headless": false,
      "limit": 12,
      "page": 1
    },
    {
      "type": "page-title",
      "title": "XIAOMI CONCEPT",
      "description": "Qualidade, ecônomia e facilidade."
    }
  ]
}